<?xml version="1.0" encoding="UTF-8"?>
<!DOCTYPE mapper PUBLIC "-//mybatis.org//DTD Mapper 3.0//EN" "http://mybatis.org/dtd/mybatis-3-mapper.dtd">
<mapper namespace="com.fc.test.mapper.auto.SysContractMapper">
  <resultMap id="BaseResultMap" type="com.fc.test.model.auto.SysContract">
    <result column="id" jdbcType="INTEGER" property="id" />
    <result column="code" jdbcType="VARCHAR" property="code" />
    <result column="content" jdbcType="VARCHAR" property="content" />
    <result column="create_date" jdbcType="VARCHAR" property="createDate" />
    <result column="h_id" jdbcType="INTEGER" property="hId" />
    <result column="status" jdbcType="INTEGER" property="status" />
    <result column="customer" jdbcType="VARCHAR" property="customer" />
    <result column="company" jdbcType="VARCHAR" property="company" />
    <result column="user_id" jdbcType="INTEGER" property="userId" />
  </resultMap>
  <sql id="Example_Where_Clause">
    <where>
      <foreach collection="oredCriteria" item="criteria" separator="or">
        <if test="criteria.valid">
          <trim prefix="(" prefixOverrides="and" suffix=")">
            <foreach collection="criteria.criteria" item="criterion">
              <choose>
                <when test="criterion.noValue">
                  and ${criterion.condition}
                </when>
                <when test="criterion.singleValue">
                  and ${criterion.condition} #{criterion.value}
                </when>
                <when test="criterion.betweenValue">
                  and ${criterion.condition} #{criterion.value} and #{criterion.secondValue}
                </when>
                <when test="criterion.listValue">
                  and ${criterion.condition}
                  <foreach close=")" collection="criterion.value" item="listItem" open="(" separator=",">
                    #{listItem}
                  </foreach>
                </when>
              </choose>
            </foreach>
          </trim>
        </if>
      </foreach>
    </where>
  </sql>
  <sql id="Update_By_Example_Where_Clause">
    <where>
      <foreach collection="example.oredCriteria" item="criteria" separator="or">
        <if test="criteria.valid">
          <trim prefix="(" prefixOverrides="and" suffix=")">
            <foreach collection="criteria.criteria" item="criterion">
              <choose>
                <when test="criterion.noValue">
                  and ${criterion.condition}
                </when>
                <when test="criterion.singleValue">
                  and ${criterion.condition} #{criterion.value}
                </when>
                <when test="criterion.betweenValue">
                  and ${criterion.condition} #{criterion.value} and #{criterion.secondValue}
                </when>
                <when test="criterion.listValue">
                  and ${criterion.condition}
                  <foreach close=")" collection="criterion.value" item="listItem" open="(" separator=",">
                    #{listItem}
                  </foreach>
                </when>
              </choose>
            </foreach>
          </trim>
        </if>
      </foreach>
    </where>
  </sql>
<sql id="Base_Column_List">
	  	  	      	id,
       	  	      	code,
       	  	      	content,
       	  	      	create_date,
       	  	      	h_id,
       	  	      	status,
       	  	      	customer,
       	  	      	company,
       	  	    	  	user_id
       	</sql>
  <select id="selectByExample" parameterType="com.fc.test.model.auto.SysContractExample" resultMap="BaseResultMap">
    select
    <if test="distinct">
      distinct
    </if>
    <include refid="Base_Column_List" />
    from t_sys_contract
    <if test="_parameter != null">
      <include refid="Example_Where_Clause" />
    </if>
    <if test="orderByClause != null">
      order by ${orderByClause}
    </if>
  </select>
  <select id="selectByPrimaryKey" parameterType="java.lang.Integer" resultMap="BaseResultMap">
    select 
    <include refid="Base_Column_List" />
    from t_sys_contract
    where id = #{id,jdbcType=INTEGER}
  </select>

  <delete id="deleteByPrimaryKey" parameterType="java.lang.Integer">
    delete from t_sys_contract
    where id = #{id,jdbcType=INTEGER}
  </delete>
  <delete id="deleteByExample" parameterType="com.fc.test.model.auto.SysContractExample">
    delete from t_sys_contract
    <if test="_parameter != null">
      <include refid="Example_Where_Clause" />
    </if>
  </delete>
  
  <insert id="insert" parameterType="com.fc.test.model.auto.SysContract">
    insert into t_sys_contract (
      	  	       id,
       	  	       code,
       	  	       content,
       	  	       create_date,
       	  	       h_id,
       	  	       status,
       	  	       customer,
       	  	       company,
       	  	    	  user_id
       	    )
    values (
	  	  	      	#{id,jdbcType=INTEGER},
       	  	      	#{code,jdbcType=VARCHAR},
       	  	      	#{content,jdbcType=VARCHAR},
       	  	      	#{createDate,jdbcType=VARCHAR},
       	  	      	#{hId,jdbcType=INTEGER},
       	  	      	#{status,jdbcType=INTEGER},
       	  	      	#{customer,jdbcType=VARCHAR},
       	  	      	#{company,jdbcType=VARCHAR},
       	  	    	  #{userId,jdbcType=INTEGER}
       	    )
  </insert>
  
  <insert id="insertSelective" parameterType="com.fc.test.model.auto.SysContract">
    insert into t_sys_contract
    <trim prefix="(" suffix=")" suffixOverrides=",">
          
      <if test="id != null">
        id,
      </if>
      
         
      <if test="code != null">
        code,
      </if>
      
         
      <if test="content != null">
        content,
      </if>
      
         
      <if test="createDate != null">
        create_date,
      </if>
      
         
      <if test="hId != null">
        h_id,
      </if>
      
         
      <if test="status != null">
        status,
      </if>
      
         
      <if test="customer != null">
        customer,
      </if>
      
         
      <if test="company != null">
        company,
      </if>
      
         
      <if test="userId != null">
        user_id,
      </if>
      
         </trim>
    <trim prefix="values (" suffix=")" suffixOverrides=",">
          <if test="id != null">
        #{id,jdbcType=INTEGER},
      </if>
          <if test="code != null">
        #{code,jdbcType=VARCHAR},
      </if>
          <if test="content != null">
        #{content,jdbcType=VARCHAR},
      </if>
          <if test="createDate != null">
        #{createDate,jdbcType=VARCHAR},
      </if>
          <if test="hId != null">
        #{hId,jdbcType=INTEGER},
      </if>
          <if test="status != null">
        #{status,jdbcType=INTEGER},
      </if>
          <if test="customer != null">
        #{customer,jdbcType=VARCHAR},
      </if>
          <if test="company != null">
        #{company,jdbcType=VARCHAR},
      </if>
          <if test="userId != null">
        #{userId,jdbcType=INTEGER},
      </if>
        </trim>
  </insert>
  
  <select id="countByExample" parameterType="com.fc.test.model.auto.SysContractExample" resultType="java.lang.Long">
    select count(*) from t_sys_contract
    <if test="_parameter != null">
      <include refid="Example_Where_Clause" />
    </if>
  </select>
  
  <update id="updateByExampleSelective" parameterType="map">
    update t_sys_contract
    <set>
          <if test="record.id != null">
        id = #{record.id,jdbcType=INTEGER},
      </if>
          <if test="record.code != null">
        code = #{record.code,jdbcType=VARCHAR},
      </if>
          <if test="record.content != null">
        content = #{record.content,jdbcType=VARCHAR},
      </if>
          <if test="record.createDate != null">
        create_date = #{record.createDate,jdbcType=VARCHAR},
      </if>
          <if test="record.hId != null">
        h_id = #{record.hId,jdbcType=INTEGER},
      </if>
          <if test="record.status != null">
        status = #{record.status,jdbcType=INTEGER},
      </if>
          <if test="record.customer != null">
        customer = #{record.customer,jdbcType=VARCHAR},
      </if>
          <if test="record.company != null">
        company = #{record.company,jdbcType=VARCHAR},
      </if>
          <if test="record.userId != null">
        user_id = #{record.userId,jdbcType=INTEGER},
      </if>
         
    </set>
    <if test="_parameter != null">
      <include refid="Update_By_Example_Where_Clause" />
    </if>
  </update>
  
  
  <update id="updateByExample" parameterType="map">
    update t_sys_contract
    set
            	     	 id = #{record.id,jdbcType=INTEGER},
    	         	     	 code = #{record.code,jdbcType=VARCHAR},
    	         	     	 content = #{record.content,jdbcType=VARCHAR},
    	         	     	 create_date = #{record.createDate,jdbcType=VARCHAR},
    	         	     	 h_id = #{record.hId,jdbcType=INTEGER},
    	         	     	 status = #{record.status,jdbcType=INTEGER},
    	         	     	 customer = #{record.customer,jdbcType=VARCHAR},
    	         	     	 company = #{record.company,jdbcType=VARCHAR},
    	         	     	 user_id = #{record.userId,jdbcType=INTEGER}
    	         <if test="_parameter != null">
      <include refid="Update_By_Example_Where_Clause" />
    </if>
  </update>
  
  
      <update id="updateByPrimaryKeySelective" parameterType="com.fc.test.model.auto.SysContract">
    update t_sys_contract
    <set>
                          <if test="code != null">
        code = #{code,jdbcType=VARCHAR},
      </if>
                      <if test="content != null">
        content = #{content,jdbcType=VARCHAR},
      </if>
                      <if test="createDate != null">
        create_date = #{createDate,jdbcType=VARCHAR},
      </if>
                      <if test="hId != null">
        h_id = #{hId,jdbcType=INTEGER},
      </if>
                      <if test="status != null">
        status = #{status,jdbcType=INTEGER},
      </if>
                      <if test="customer != null">
        customer = #{customer,jdbcType=VARCHAR},
      </if>
                      <if test="company != null">
        company = #{company,jdbcType=VARCHAR},
      </if>
                      <if test="userId != null">
        user_id = #{userId,jdbcType=INTEGER},
      </if>
              </set>
    where 
            id = #{id,jdbcType=INTEGER}
                                                                          
  </update>

      	      	   	      	   	      	   	      	   	      	   	      	   	      	   	      	   	      	

  <update id="updateByPrimaryKey" parameterType="com.fc.test.model.auto.SysContract">
    update t_sys_contract
    set 
             	        	    	 			code = #{code,jdbcType=VARCHAR},
		     	        	    	 			content = #{content,jdbcType=VARCHAR},
		     	        	    	 			create_date = #{createDate,jdbcType=VARCHAR},
		     	        	    	 			h_id = #{hId,jdbcType=INTEGER},
		     	        	    	 			status = #{status,jdbcType=INTEGER},
		     	        	    	 			customer = #{customer,jdbcType=VARCHAR},
		     	        	    	 			company = #{company,jdbcType=VARCHAR},
		     	        	    	 			user_id = #{userId,jdbcType=INTEGER}
		     	        where 
            id = #{id,jdbcType=INTEGER}
                                                                            
  </update>
  
                                                 
</mapper>