<?xml version="1.0" encoding="UTF-8"?>
<!DOCTYPE mapper PUBLIC "-//mybatis.org//DTD Mapper 3.0//EN" "http://mybatis.org/dtd/mybatis-3-mapper.dtd">
<mapper namespace="com.fc.test.mapper.auto.SysCommentMapper">
  <resultMap id="BaseResultMap" type="com.fc.test.model.auto.SysComment">
    <result column="id" jdbcType="BIGINT" property="id" />
    <result column="content" jdbcType="VARCHAR" property="content" />
    <result column="create_date" jdbcType="TIMESTAMP" property="createDate" />
    <result column="name" jdbcType="VARCHAR" property="name" />
    <result column="title" jdbcType="VARCHAR" property="title" />
    <result column="type" jdbcType="INTEGER" property="type" />
    <result column="username" jdbcType="VARCHAR" property="username" />
  </resultMap>
  <sql id="Example_Where_Clause">
    <where>
      <foreach collection="oredCriteria" item="criteria" separator="or">
        <if test="criteria.valid">
          <trim prefix="(" prefixOverrides="and" suffix=")">
            <foreach collection="criteria.criteria" item="criterion">
              <choose>
                <when test="criterion.noValue">
                  and ${criterion.condition}
                </when>
                <when test="criterion.singleValue">
                  and ${criterion.condition} #{criterion.value}
                </when>
                <when test="criterion.betweenValue">
                  and ${criterion.condition} #{criterion.value} and #{criterion.secondValue}
                </when>
                <when test="criterion.listValue">
                  and ${criterion.condition}
                  <foreach close=")" collection="criterion.value" item="listItem" open="(" separator=",">
                    #{listItem}
                  </foreach>
                </when>
              </choose>
            </foreach>
          </trim>
        </if>
      </foreach>
    </where>
  </sql>
  <sql id="Update_By_Example_Where_Clause">
    <where>
      <foreach collection="example.oredCriteria" item="criteria" separator="or">
        <if test="criteria.valid">
          <trim prefix="(" prefixOverrides="and" suffix=")">
            <foreach collection="criteria.criteria" item="criterion">
              <choose>
                <when test="criterion.noValue">
                  and ${criterion.condition}
                </when>
                <when test="criterion.singleValue">
                  and ${criterion.condition} #{criterion.value}
                </when>
                <when test="criterion.betweenValue">
                  and ${criterion.condition} #{criterion.value} and #{criterion.secondValue}
                </when>
                <when test="criterion.listValue">
                  and ${criterion.condition}
                  <foreach close=")" collection="criterion.value" item="listItem" open="(" separator=",">
                    #{listItem}
                  </foreach>
                </when>
              </choose>
            </foreach>
          </trim>
        </if>
      </foreach>
    </where>
  </sql>
<sql id="Base_Column_List">
	  	  	      	id,
       	  	      	content,
       	  	      	create_date,
       	  	      	name,
       	  	      	title,
       	  	      	type,
       	  	    	  	username
       	</sql>
  <select id="selectByExample" parameterType="com.fc.test.model.auto.SysCommentExample" resultMap="BaseResultMap">
    select
    <if test="distinct">
      distinct
    </if>
    <include refid="Base_Column_List" />
    from t_sys_comment
    <if test="_parameter != null">
      <include refid="Example_Where_Clause" />
    </if>
    <if test="orderByClause != null">
      order by ${orderByClause}
    </if>
  </select>
  <select id="selectByPrimaryKey" parameterType="java.lang.Long" resultMap="BaseResultMap">
    select 
    <include refid="Base_Column_List" />
    from t_sys_comment
    where id = #{id,jdbcType=BIGINT}
  </select>

  <delete id="deleteByPrimaryKey" parameterType="java.lang.Long">
    delete from t_sys_comment
    where id = #{id,jdbcType=BIGINT}
  </delete>
  <delete id="deleteByExample" parameterType="com.fc.test.model.auto.SysCommentExample">
    delete from t_sys_comment
    <if test="_parameter != null">
      <include refid="Example_Where_Clause" />
    </if>
  </delete>
  
  <insert id="insert" parameterType="com.fc.test.model.auto.SysComment">
    insert into t_sys_comment (
      	  	       id,
       	  	       content,
       	  	       create_date,
       	  	       name,
       	  	       title,
       	  	       type,
       	  	    	  username
       	    )
    values (
	  	  	      	#{id,jdbcType=BIGINT},
       	  	      	#{content,jdbcType=VARCHAR},
       	  	      	#{createDate,jdbcType=TIMESTAMP},
       	  	      	#{name,jdbcType=VARCHAR},
       	  	      	#{title,jdbcType=VARCHAR},
       	  	      	#{type,jdbcType=INTEGER},
       	  	    	  #{username,jdbcType=VARCHAR}
       	    )
  </insert>
  
  <insert id="insertSelective" parameterType="com.fc.test.model.auto.SysComment">
    insert into t_sys_comment
    <trim prefix="(" suffix=")" suffixOverrides=",">
          
      <if test="id != null">
        id,
      </if>
      
         
      <if test="content != null">
        content,
      </if>
      
         
      <if test="createDate != null">
        create_date,
      </if>
      
         
      <if test="name != null">
        name,
      </if>
      
         
      <if test="title != null">
        title,
      </if>
      
         
      <if test="type != null">
        type,
      </if>
      
         
      <if test="username != null">
        username,
      </if>
      
         </trim>
    <trim prefix="values (" suffix=")" suffixOverrides=",">
          <if test="id != null">
        #{id,jdbcType=BIGINT},
      </if>
          <if test="content != null">
        #{content,jdbcType=VARCHAR},
      </if>
          <if test="createDate != null">
        #{createDate,jdbcType=TIMESTAMP},
      </if>
          <if test="name != null">
        #{name,jdbcType=VARCHAR},
      </if>
          <if test="title != null">
        #{title,jdbcType=VARCHAR},
      </if>
          <if test="type != null">
        #{type,jdbcType=INTEGER},
      </if>
          <if test="username != null">
        #{username,jdbcType=VARCHAR},
      </if>
        </trim>
  </insert>
  
  <select id="countByExample" parameterType="com.fc.test.model.auto.SysCommentExample" resultType="java.lang.Long">
    select count(*) from t_sys_comment
    <if test="_parameter != null">
      <include refid="Example_Where_Clause" />
    </if>
  </select>
  
  <update id="updateByExampleSelective" parameterType="map">
    update t_sys_comment
    <set>
          <if test="record.id != null">
        id = #{record.id,jdbcType=BIGINT},
      </if>
          <if test="record.content != null">
        content = #{record.content,jdbcType=VARCHAR},
      </if>
          <if test="record.createDate != null">
        create_date = #{record.createDate,jdbcType=TIMESTAMP},
      </if>
          <if test="record.name != null">
        name = #{record.name,jdbcType=VARCHAR},
      </if>
          <if test="record.title != null">
        title = #{record.title,jdbcType=VARCHAR},
      </if>
          <if test="record.type != null">
        type = #{record.type,jdbcType=INTEGER},
      </if>
          <if test="record.username != null">
        username = #{record.username,jdbcType=VARCHAR},
      </if>
         
    </set>
    <if test="_parameter != null">
      <include refid="Update_By_Example_Where_Clause" />
    </if>
  </update>
  
  
  <update id="updateByExample" parameterType="map">
    update t_sys_comment
    set
            	     	 id = #{record.id,jdbcType=BIGINT},
    	         	     	 content = #{record.content,jdbcType=VARCHAR},
    	         	     	 create_date = #{record.createDate,jdbcType=TIMESTAMP},
    	         	     	 name = #{record.name,jdbcType=VARCHAR},
    	         	     	 title = #{record.title,jdbcType=VARCHAR},
    	         	     	 type = #{record.type,jdbcType=INTEGER},
    	         	     	 username = #{record.username,jdbcType=VARCHAR}
    	         <if test="_parameter != null">
      <include refid="Update_By_Example_Where_Clause" />
    </if>
  </update>
  
  
      <update id="updateByPrimaryKeySelective" parameterType="com.fc.test.model.auto.SysComment">
    update t_sys_comment
    <set>
                          <if test="content != null">
        content = #{content,jdbcType=VARCHAR},
      </if>
                      <if test="createDate != null">
        create_date = #{createDate,jdbcType=TIMESTAMP},
      </if>
                      <if test="name != null">
        name = #{name,jdbcType=VARCHAR},
      </if>
                      <if test="title != null">
        title = #{title,jdbcType=VARCHAR},
      </if>
                      <if test="type != null">
        type = #{type,jdbcType=INTEGER},
      </if>
                      <if test="username != null">
        username = #{username,jdbcType=VARCHAR},
      </if>
              </set>
    where 
            id = #{id,jdbcType=BIGINT}
                                                          
  </update>

      	      	   	      	   	      	   	      	   	      	   	      	   	      	

  <update id="updateByPrimaryKey" parameterType="com.fc.test.model.auto.SysComment">
    update t_sys_comment
    set 
             	        	    	 			content = #{content,jdbcType=VARCHAR},
		     	        	    	 			create_date = #{createDate,jdbcType=TIMESTAMP},
		     	        	    	 			name = #{name,jdbcType=VARCHAR},
		     	        	    	 			title = #{title,jdbcType=VARCHAR},
		     	        	    	 			type = #{type,jdbcType=INTEGER},
		     	        	    	 			username = #{username,jdbcType=VARCHAR}
		     	        where 
            id = #{id,jdbcType=BIGINT}
                                                            
  </update>
  
                                       
</mapper>