<?xml version="1.0" encoding="UTF-8"?>
<!DOCTYPE mapper PUBLIC "-//mybatis.org//DTD Mapper 3.0//EN" "http://mybatis.org/dtd/mybatis-3-mapper.dtd">
<mapper namespace="com.fc.test.mapper.auto.SysHouseMapper">
  <resultMap id="BaseResultMap" type="com.fc.test.model.auto.SysHouse">
    <result column="id" jdbcType="INTEGER" property="id" />
    <result column="house_desc" jdbcType="VARCHAR" property="houseDesc" />
    <result column="house_model" jdbcType="VARCHAR" property="houseModel" />
    <result column="house_area" jdbcType="VARCHAR" property="houseArea" />
    <result column="house_floor" jdbcType="VARCHAR" property="houseFloor" />
    <result column="house_type" jdbcType="VARCHAR" property="houseType" />
    <result column="house_price" jdbcType="INTEGER" property="housePrice" />
    <result column="house_address" jdbcType="VARCHAR" property="houseAddress" />
    <result column="house_image" jdbcType="VARCHAR" property="houseImage" />
    <result column="community_name" jdbcType="VARCHAR" property="communityName" />
    <result column="house_linkman" jdbcType="VARCHAR" property="houseLinkman" />
    <result column="house_oriented" jdbcType="VARCHAR" property="houseOriented" />
    <result column="house_detailes_img" jdbcType="VARCHAR" property="houseDetailesImg" />
    <result column="publisher" jdbcType="VARCHAR" property="publisher" />
    <result column="publish_time" jdbcType="TIMESTAMP" property="publishTime" />
    <result column="user_id" jdbcType="INTEGER" property="userId" />
    <result column="status" jdbcType="INTEGER" property="status" />
    <result column="status_str" jdbcType="VARCHAR" property="statusStr" />
  </resultMap>
  <sql id="Example_Where_Clause">
    <where>
      <foreach collection="oredCriteria" item="criteria" separator="or">
        <if test="criteria.valid">
          <trim prefix="(" prefixOverrides="and" suffix=")">
            <foreach collection="criteria.criteria" item="criterion">
              <choose>
                <when test="criterion.noValue">
                  and ${criterion.condition}
                </when>
                <when test="criterion.singleValue">
                  and ${criterion.condition} #{criterion.value}
                </when>
                <when test="criterion.betweenValue">
                  and ${criterion.condition} #{criterion.value} and #{criterion.secondValue}
                </when>
                <when test="criterion.listValue">
                  and ${criterion.condition}
                  <foreach close=")" collection="criterion.value" item="listItem" open="(" separator=",">
                    #{listItem}
                  </foreach>
                </when>
              </choose>
            </foreach>
          </trim>
        </if>
      </foreach>
    </where>
  </sql>
  <sql id="Update_By_Example_Where_Clause">
    <where>
      <foreach collection="example.oredCriteria" item="criteria" separator="or">
        <if test="criteria.valid">
          <trim prefix="(" prefixOverrides="and" suffix=")">
            <foreach collection="criteria.criteria" item="criterion">
              <choose>
                <when test="criterion.noValue">
                  and ${criterion.condition}
                </when>
                <when test="criterion.singleValue">
                  and ${criterion.condition} #{criterion.value}
                </when>
                <when test="criterion.betweenValue">
                  and ${criterion.condition} #{criterion.value} and #{criterion.secondValue}
                </when>
                <when test="criterion.listValue">
                  and ${criterion.condition}
                  <foreach close=")" collection="criterion.value" item="listItem" open="(" separator=",">
                    #{listItem}
                  </foreach>
                </when>
              </choose>
            </foreach>
          </trim>
        </if>
      </foreach>
    </where>
  </sql>
<sql id="Base_Column_List">
	  	  	      	id,
       	  	      	house_desc,
       	  	      	house_model,
       	  	      	house_area,
       	  	      	house_floor,
       	  	      	house_type,
       	  	      	house_price,
       	  	      	house_address,
       	  	      	house_image,
       	  	      	community_name,
       	  	      	house_linkman,
       	  	      	house_oriented,
       	  	      	house_detailes_img,
       	  	      	publisher,
       	  	      	publish_time,
       	  	      	user_id,
       	  	      	status,
       	  	    	  	status_str
       	</sql>
  <select id="selectByExample" parameterType="com.fc.test.model.auto.SysHouseExample" resultMap="BaseResultMap">
    select
    <if test="distinct">
      distinct
    </if>
    <include refid="Base_Column_List" />
    from t_sys_house
    <if test="_parameter != null">
      <include refid="Example_Where_Clause" />
    </if>
    <if test="orderByClause != null">
      order by ${orderByClause}
    </if>
  </select>
  <select id="selectByPrimaryKey" parameterType="java.lang.Integer" resultMap="BaseResultMap">
    select 
    <include refid="Base_Column_List" />
    from t_sys_house
    where id = #{id,jdbcType=INTEGER}
  </select>

  <delete id="deleteByPrimaryKey" parameterType="java.lang.Integer">
    delete from t_sys_house
    where id = #{id,jdbcType=INTEGER}
  </delete>
  <delete id="deleteByExample" parameterType="com.fc.test.model.auto.SysHouseExample">
    delete from t_sys_house
    <if test="_parameter != null">
      <include refid="Example_Where_Clause" />
    </if>
  </delete>
  
  <insert id="insert" parameterType="com.fc.test.model.auto.SysHouse">
    insert into t_sys_house (
      	  	       id,
       	  	       house_desc,
       	  	       house_model,
       	  	       house_area,
       	  	       house_floor,
       	  	       house_type,
       	  	       house_price,
       	  	       house_address,
       	  	       house_image,
       	  	       community_name,
       	  	       house_linkman,
       	  	       house_oriented,
       	  	       house_detailes_img,
       	  	       publisher,
       	  	       publish_time,
       	  	       user_id,
       	  	       status,
       	  	    	  status_str
       	    )
    values (
	  	  	      	#{id,jdbcType=INTEGER},
       	  	      	#{houseDesc,jdbcType=VARCHAR},
       	  	      	#{houseModel,jdbcType=VARCHAR},
       	  	      	#{houseArea,jdbcType=VARCHAR},
       	  	      	#{houseFloor,jdbcType=VARCHAR},
       	  	      	#{houseType,jdbcType=VARCHAR},
       	  	      	#{housePrice,jdbcType=INTEGER},
       	  	      	#{houseAddress,jdbcType=VARCHAR},
       	  	      	#{houseImage,jdbcType=VARCHAR},
       	  	      	#{communityName,jdbcType=VARCHAR},
       	  	      	#{houseLinkman,jdbcType=VARCHAR},
       	  	      	#{houseOriented,jdbcType=VARCHAR},
       	  	      	#{houseDetailesImg,jdbcType=VARCHAR},
       	  	      	#{publisher,jdbcType=VARCHAR},
       	  	      	#{publishTime,jdbcType=TIMESTAMP},
       	  	      	#{userId,jdbcType=INTEGER},
       	  	      	#{status,jdbcType=INTEGER},
       	  	    	  #{statusStr,jdbcType=VARCHAR}
       	    )
  </insert>
  
  <insert id="insertSelective" parameterType="com.fc.test.model.auto.SysHouse">
    insert into t_sys_house
    <trim prefix="(" suffix=")" suffixOverrides=",">
          
      <if test="id != null">
        id,
      </if>
      
         
      <if test="houseDesc != null">
        house_desc,
      </if>
      
         
      <if test="houseModel != null">
        house_model,
      </if>
      
         
      <if test="houseArea != null">
        house_area,
      </if>
      
         
      <if test="houseFloor != null">
        house_floor,
      </if>
      
         
      <if test="houseType != null">
        house_type,
      </if>
      
         
      <if test="housePrice != null">
        house_price,
      </if>
      
         
      <if test="houseAddress != null">
        house_address,
      </if>
      
         
      <if test="houseImage != null">
        house_image,
      </if>
      
         
      <if test="communityName != null">
        community_name,
      </if>
      
         
      <if test="houseLinkman != null">
        house_linkman,
      </if>
      
         
      <if test="houseOriented != null">
        house_oriented,
      </if>
      
         
      <if test="houseDetailesImg != null">
        house_detailes_img,
      </if>
      
         
      <if test="publisher != null">
        publisher,
      </if>
      
         
      <if test="publishTime != null">
        publish_time,
      </if>
      
         
      <if test="userId != null">
        user_id,
      </if>
      
         
      <if test="status != null">
        status,
      </if>
      
         
      <if test="statusStr != null">
        status_str,
      </if>
      
         </trim>
    <trim prefix="values (" suffix=")" suffixOverrides=",">
          <if test="id != null">
        #{id,jdbcType=INTEGER},
      </if>
          <if test="houseDesc != null">
        #{houseDesc,jdbcType=VARCHAR},
      </if>
          <if test="houseModel != null">
        #{houseModel,jdbcType=VARCHAR},
      </if>
          <if test="houseArea != null">
        #{houseArea,jdbcType=VARCHAR},
      </if>
          <if test="houseFloor != null">
        #{houseFloor,jdbcType=VARCHAR},
      </if>
          <if test="houseType != null">
        #{houseType,jdbcType=VARCHAR},
      </if>
          <if test="housePrice != null">
        #{housePrice,jdbcType=INTEGER},
      </if>
          <if test="houseAddress != null">
        #{houseAddress,jdbcType=VARCHAR},
      </if>
          <if test="houseImage != null">
        #{houseImage,jdbcType=VARCHAR},
      </if>
          <if test="communityName != null">
        #{communityName,jdbcType=VARCHAR},
      </if>
          <if test="houseLinkman != null">
        #{houseLinkman,jdbcType=VARCHAR},
      </if>
          <if test="houseOriented != null">
        #{houseOriented,jdbcType=VARCHAR},
      </if>
          <if test="houseDetailesImg != null">
        #{houseDetailesImg,jdbcType=VARCHAR},
      </if>
          <if test="publisher != null">
        #{publisher,jdbcType=VARCHAR},
      </if>
          <if test="publishTime != null">
        #{publishTime,jdbcType=TIMESTAMP},
      </if>
          <if test="userId != null">
        #{userId,jdbcType=INTEGER},
      </if>
          <if test="status != null">
        #{status,jdbcType=INTEGER},
      </if>
          <if test="statusStr != null">
        #{statusStr,jdbcType=VARCHAR},
      </if>
        </trim>
  </insert>
  
  <select id="countByExample" parameterType="com.fc.test.model.auto.SysHouseExample" resultType="java.lang.Long">
    select count(*) from t_sys_house
    <if test="_parameter != null">
      <include refid="Example_Where_Clause" />
    </if>
  </select>
  
  <update id="updateByExampleSelective" parameterType="map">
    update t_sys_house
    <set>
          <if test="record.id != null">
        id = #{record.id,jdbcType=INTEGER},
      </if>
          <if test="record.houseDesc != null">
        house_desc = #{record.houseDesc,jdbcType=VARCHAR},
      </if>
          <if test="record.houseModel != null">
        house_model = #{record.houseModel,jdbcType=VARCHAR},
      </if>
          <if test="record.houseArea != null">
        house_area = #{record.houseArea,jdbcType=VARCHAR},
      </if>
          <if test="record.houseFloor != null">
        house_floor = #{record.houseFloor,jdbcType=VARCHAR},
      </if>
          <if test="record.houseType != null">
        house_type = #{record.houseType,jdbcType=VARCHAR},
      </if>
          <if test="record.housePrice != null">
        house_price = #{record.housePrice,jdbcType=INTEGER},
      </if>
          <if test="record.houseAddress != null">
        house_address = #{record.houseAddress,jdbcType=VARCHAR},
      </if>
          <if test="record.houseImage != null">
        house_image = #{record.houseImage,jdbcType=VARCHAR},
      </if>
          <if test="record.communityName != null">
        community_name = #{record.communityName,jdbcType=VARCHAR},
      </if>
          <if test="record.houseLinkman != null">
        house_linkman = #{record.houseLinkman,jdbcType=VARCHAR},
      </if>
          <if test="record.houseOriented != null">
        house_oriented = #{record.houseOriented,jdbcType=VARCHAR},
      </if>
          <if test="record.houseDetailesImg != null">
        house_detailes_img = #{record.houseDetailesImg,jdbcType=VARCHAR},
      </if>
          <if test="record.publisher != null">
        publisher = #{record.publisher,jdbcType=VARCHAR},
      </if>
          <if test="record.publishTime != null">
        publish_time = #{record.publishTime,jdbcType=TIMESTAMP},
      </if>
          <if test="record.userId != null">
        user_id = #{record.userId,jdbcType=INTEGER},
      </if>
          <if test="record.status != null">
        status = #{record.status,jdbcType=INTEGER},
      </if>
          <if test="record.statusStr != null">
        status_str = #{record.statusStr,jdbcType=VARCHAR},
      </if>
         
    </set>
    <if test="_parameter != null">
      <include refid="Update_By_Example_Where_Clause" />
    </if>
  </update>
  
  
  <update id="updateByExample" parameterType="map">
    update t_sys_house
    set
            	     	 id = #{record.id,jdbcType=INTEGER},
    	         	     	 house_desc = #{record.houseDesc,jdbcType=VARCHAR},
    	         	     	 house_model = #{record.houseModel,jdbcType=VARCHAR},
    	         	     	 house_area = #{record.houseArea,jdbcType=VARCHAR},
    	         	     	 house_floor = #{record.houseFloor,jdbcType=VARCHAR},
    	         	     	 house_type = #{record.houseType,jdbcType=VARCHAR},
    	         	     	 house_price = #{record.housePrice,jdbcType=INTEGER},
    	         	     	 house_address = #{record.houseAddress,jdbcType=VARCHAR},
    	         	     	 house_image = #{record.houseImage,jdbcType=VARCHAR},
    	         	     	 community_name = #{record.communityName,jdbcType=VARCHAR},
    	         	     	 house_linkman = #{record.houseLinkman,jdbcType=VARCHAR},
    	         	     	 house_oriented = #{record.houseOriented,jdbcType=VARCHAR},
    	         	     	 house_detailes_img = #{record.houseDetailesImg,jdbcType=VARCHAR},
    	         	     	 publisher = #{record.publisher,jdbcType=VARCHAR},
    	         	     	 publish_time = #{record.publishTime,jdbcType=TIMESTAMP},
    	         	     	 user_id = #{record.userId,jdbcType=INTEGER},
    	         	     	 status = #{record.status,jdbcType=INTEGER},
    	         	     	 status_str = #{record.statusStr,jdbcType=VARCHAR}
    	         <if test="_parameter != null">
      <include refid="Update_By_Example_Where_Clause" />
    </if>
  </update>
  
  
      <update id="updateByPrimaryKeySelective" parameterType="com.fc.test.model.auto.SysHouse">
    update t_sys_house
    <set>
                          <if test="houseDesc != null">
        house_desc = #{houseDesc,jdbcType=VARCHAR},
      </if>
                      <if test="houseModel != null">
        house_model = #{houseModel,jdbcType=VARCHAR},
      </if>
                      <if test="houseArea != null">
        house_area = #{houseArea,jdbcType=VARCHAR},
      </if>
                      <if test="houseFloor != null">
        house_floor = #{houseFloor,jdbcType=VARCHAR},
      </if>
                      <if test="houseType != null">
        house_type = #{houseType,jdbcType=VARCHAR},
      </if>
                      <if test="housePrice != null">
        house_price = #{housePrice,jdbcType=INTEGER},
      </if>
                      <if test="houseAddress != null">
        house_address = #{houseAddress,jdbcType=VARCHAR},
      </if>
                      <if test="houseImage != null">
        house_image = #{houseImage,jdbcType=VARCHAR},
      </if>
                      <if test="communityName != null">
        community_name = #{communityName,jdbcType=VARCHAR},
      </if>
                      <if test="houseLinkman != null">
        house_linkman = #{houseLinkman,jdbcType=VARCHAR},
      </if>
                      <if test="houseOriented != null">
        house_oriented = #{houseOriented,jdbcType=VARCHAR},
      </if>
                      <if test="houseDetailesImg != null">
        house_detailes_img = #{houseDetailesImg,jdbcType=VARCHAR},
      </if>
                      <if test="publisher != null">
        publisher = #{publisher,jdbcType=VARCHAR},
      </if>
                      <if test="publishTime != null">
        publish_time = #{publishTime,jdbcType=TIMESTAMP},
      </if>
                      <if test="userId != null">
        user_id = #{userId,jdbcType=INTEGER},
      </if>
                      <if test="status != null">
        status = #{status,jdbcType=INTEGER},
      </if>
                      <if test="statusStr != null">
        status_str = #{statusStr,jdbcType=VARCHAR},
      </if>
              </set>
    where 
            id = #{id,jdbcType=INTEGER}
                                                                                                                                                  
  </update>

      	      	   	      	   	      	   	      	   	      	   	      	   	      	   	      	   	      	   	      	   	      	   	      	   	      	   	      	   	      	   	      	   	      	   	      	

  <update id="updateByPrimaryKey" parameterType="com.fc.test.model.auto.SysHouse">
    update t_sys_house
    set 
             	        	    	 			house_desc = #{houseDesc,jdbcType=VARCHAR},
		     	        	    	 			house_model = #{houseModel,jdbcType=VARCHAR},
		     	        	    	 			house_area = #{houseArea,jdbcType=VARCHAR},
		     	        	    	 			house_floor = #{houseFloor,jdbcType=VARCHAR},
		     	        	    	 			house_type = #{houseType,jdbcType=VARCHAR},
		     	        	    	 			house_price = #{housePrice,jdbcType=INTEGER},
		     	        	    	 			house_address = #{houseAddress,jdbcType=VARCHAR},
		     	        	    	 			house_image = #{houseImage,jdbcType=VARCHAR},
		     	        	    	 			community_name = #{communityName,jdbcType=VARCHAR},
		     	        	    	 			house_linkman = #{houseLinkman,jdbcType=VARCHAR},
		     	        	    	 			house_oriented = #{houseOriented,jdbcType=VARCHAR},
		     	        	    	 			house_detailes_img = #{houseDetailesImg,jdbcType=VARCHAR},
		     	        	    	 			publisher = #{publisher,jdbcType=VARCHAR},
		     	        	    	 			publish_time = #{publishTime,jdbcType=TIMESTAMP},
		     	        	    	 			user_id = #{userId,jdbcType=INTEGER},
		     	        	    	 			status = #{status,jdbcType=INTEGER},
		     	        	    	 			status_str = #{statusStr,jdbcType=VARCHAR}
		     	        where 
            id = #{id,jdbcType=INTEGER}
                                                                                                                                                    
  </update>
  
                                                                                              
</mapper>