<?xml version="1.0" encoding="UTF-8"?>
<!DOCTYPE mapper PUBLIC "-//mybatis.org//DTD Mapper 3.0//EN" "http://mybatis.org/dtd/mybatis-3-mapper.dtd">
<mapper namespace="com.fc.test.mapper.auto.SysNoticeUserMapper">
  <resultMap id="BaseResultMap" type="com.fc.test.model.auto.SysNoticeUser">
    <result column="id" jdbcType="VARCHAR" property="id" />
    <result column="notice_id" jdbcType="VARCHAR" property="noticeId" />
    <result column="user_id" jdbcType="VARCHAR" property="userId" />
    <result column="state" jdbcType="INTEGER" property="state" />
  </resultMap>
  <sql id="Example_Where_Clause">
    <where>
      <foreach collection="oredCriteria" item="criteria" separator="or">
        <if test="criteria.valid">
          <trim prefix="(" prefixOverrides="and" suffix=")">
            <foreach collection="criteria.criteria" item="criterion">
              <choose>
                <when test="criterion.noValue">
                  and ${criterion.condition}
                </when>
                <when test="criterion.singleValue">
                  and ${criterion.condition} #{criterion.value}
                </when>
                <when test="criterion.betweenValue">
                  and ${criterion.condition} #{criterion.value} and #{criterion.secondValue}
                </when>
                <when test="criterion.listValue">
                  and ${criterion.condition}
                  <foreach close=")" collection="criterion.value" item="listItem" open="(" separator=",">
                    #{listItem}
                  </foreach>
                </when>
              </choose>
            </foreach>
          </trim>
        </if>
      </foreach>
    </where>
  </sql>
  <sql id="Update_By_Example_Where_Clause">
    <where>
      <foreach collection="example.oredCriteria" item="criteria" separator="or">
        <if test="criteria.valid">
          <trim prefix="(" prefixOverrides="and" suffix=")">
            <foreach collection="criteria.criteria" item="criterion">
              <choose>
                <when test="criterion.noValue">
                  and ${criterion.condition}
                </when>
                <when test="criterion.singleValue">
                  and ${criterion.condition} #{criterion.value}
                </when>
                <when test="criterion.betweenValue">
                  and ${criterion.condition} #{criterion.value} and #{criterion.secondValue}
                </when>
                <when test="criterion.listValue">
                  and ${criterion.condition}
                  <foreach close=")" collection="criterion.value" item="listItem" open="(" separator=",">
                    #{listItem}
                  </foreach>
                </when>
              </choose>
            </foreach>
          </trim>
        </if>
      </foreach>
    </where>
  </sql>
<sql id="Base_Column_List">
	  	  	      	id,
       	  	      	notice_id,
       	  	      	user_id,
       	  	    	  	state
       	</sql>
  <select id="selectByExample" parameterType="com.fc.test.model.auto.SysNoticeUserExample" resultMap="BaseResultMap">
    select
    <if test="distinct">
      distinct
    </if>
    <include refid="Base_Column_List" />
    from t_sys_notice_user
    <if test="_parameter != null">
      <include refid="Example_Where_Clause" />
    </if>
    <if test="orderByClause != null">
      order by ${orderByClause}
    </if>
  </select>
  <select id="selectByPrimaryKey" parameterType="java.lang.String" resultMap="BaseResultMap">
    select 
    <include refid="Base_Column_List" />
    from t_sys_notice_user
    where id = #{id,jdbcType=VARCHAR}
  </select>

  <delete id="deleteByPrimaryKey" parameterType="java.lang.String">
    delete from t_sys_notice_user
    where id = #{id,jdbcType=VARCHAR}
  </delete>
  <delete id="deleteByExample" parameterType="com.fc.test.model.auto.SysNoticeUserExample">
    delete from t_sys_notice_user
    <if test="_parameter != null">
      <include refid="Example_Where_Clause" />
    </if>
  </delete>
  
  <insert id="insert" parameterType="com.fc.test.model.auto.SysNoticeUser">
    insert into t_sys_notice_user (
      	  	       id,
       	  	       notice_id,
       	  	       user_id,
       	  	    	  state
       	    )
    values (
	  	  	      	#{id,jdbcType=VARCHAR},
       	  	      	#{noticeId,jdbcType=VARCHAR},
       	  	      	#{userId,jdbcType=VARCHAR},
       	  	    	  #{state,jdbcType=INTEGER}
       	    )
  </insert>
  
  <insert id="insertSelective" parameterType="com.fc.test.model.auto.SysNoticeUser">
    insert into t_sys_notice_user
    <trim prefix="(" suffix=")" suffixOverrides=",">
          
      <if test="id != null">
        id,
      </if>
      
         
      <if test="noticeId != null">
        notice_id,
      </if>
      
         
      <if test="userId != null">
        user_id,
      </if>
      
         
      <if test="state != null">
        state,
      </if>
      
         </trim>
    <trim prefix="values (" suffix=")" suffixOverrides=",">
          <if test="id != null">
        #{id,jdbcType=VARCHAR},
      </if>
          <if test="noticeId != null">
        #{noticeId,jdbcType=VARCHAR},
      </if>
          <if test="userId != null">
        #{userId,jdbcType=VARCHAR},
      </if>
          <if test="state != null">
        #{state,jdbcType=INTEGER},
      </if>
        </trim>
  </insert>
  
  <select id="countByExample" parameterType="com.fc.test.model.auto.SysNoticeUserExample" resultType="java.lang.Long">
    select count(*) from t_sys_notice_user
    <if test="_parameter != null">
      <include refid="Example_Where_Clause" />
    </if>
  </select>
  
  <update id="updateByExampleSelective" parameterType="map">
    update t_sys_notice_user
    <set>
          <if test="record.id != null">
        id = #{record.id,jdbcType=VARCHAR},
      </if>
          <if test="record.noticeId != null">
        notice_id = #{record.noticeId,jdbcType=VARCHAR},
      </if>
          <if test="record.userId != null">
        user_id = #{record.userId,jdbcType=VARCHAR},
      </if>
          <if test="record.state != null">
        state = #{record.state,jdbcType=INTEGER},
      </if>
         
    </set>
    <if test="_parameter != null">
      <include refid="Update_By_Example_Where_Clause" />
    </if>
  </update>
  
  
  <update id="updateByExample" parameterType="map">
    update t_sys_notice_user
    set
            	     	 id = #{record.id,jdbcType=VARCHAR},
    	         	     	 notice_id = #{record.noticeId,jdbcType=VARCHAR},
    	         	     	 user_id = #{record.userId,jdbcType=VARCHAR},
    	         	     	 state = #{record.state,jdbcType=INTEGER}
    	         <if test="_parameter != null">
      <include refid="Update_By_Example_Where_Clause" />
    </if>
  </update>
  
  
      <update id="updateByPrimaryKeySelective" parameterType="com.fc.test.model.auto.SysNoticeUser">
    update t_sys_notice_user
    <set>
                          <if test="noticeId != null">
        notice_id = #{noticeId,jdbcType=VARCHAR},
      </if>
                      <if test="userId != null">
        user_id = #{userId,jdbcType=VARCHAR},
      </if>
                      <if test="state != null">
        state = #{state,jdbcType=INTEGER},
      </if>
              </set>
    where 
            id = #{id,jdbcType=VARCHAR}
                                  
  </update>

      	      	   	      	   	      	   	      	

  <update id="updateByPrimaryKey" parameterType="com.fc.test.model.auto.SysNoticeUser">
    update t_sys_notice_user
    set 
             	        	    	 			notice_id = #{noticeId,jdbcType=VARCHAR},
		     	        	    	 			user_id = #{userId,jdbcType=VARCHAR},
		     	        	    	 			state = #{state,jdbcType=INTEGER}
		     	        where 
            id = #{id,jdbcType=VARCHAR}
                                    
  </update>
  
                        
</mapper>