<?xml version="1.0" encoding="UTF-8" ?>
<!DOCTYPE mapper PUBLIC "-//mybatis.org//DTD Mapper 3.0//EN" "http://mybatis.org/dtd/mybatis-3-mapper.dtd" >
<mapper namespace="com.fc.test.mapper.auto.TsysFileDataMapper" >
  <resultMap id="BaseResultMap" type="com.fc.test.model.auto.TsysFileData" >
    <id column="id" property="id" jdbcType="VARCHAR" />
    <result column="data_id" property="dataId" jdbcType="VARCHAR" />
    <result column="file_id" property="fileId" jdbcType="VARCHAR" />
  </resultMap>
  <sql id="Example_Where_Clause" >
    <where >
      <foreach collection="oredCriteria" item="criteria" separator="or" >
        <if test="criteria.valid" >
          <trim prefix="(" suffix=")" prefixOverrides="and" >
            <foreach collection="criteria.criteria" item="criterion" >
              <choose >
                <when test="criterion.noValue" >
                  and ${criterion.condition}
                </when>
                <when test="criterion.singleValue" >
                  and ${criterion.condition} #{criterion.value}
                </when>
                <when test="criterion.betweenValue" >
                  and ${criterion.condition} #{criterion.value} and #{criterion.secondValue}
                </when>
                <when test="criterion.listValue" >
                  and ${criterion.condition}
                  <foreach collection="criterion.value" item="listItem" open="(" close=")" separator="," >
                    #{listItem}
                  </foreach>
                </when>
              </choose>
            </foreach>
          </trim>
        </if>
      </foreach>
    </where>
  </sql>
  <sql id="Update_By_Example_Where_Clause" >
    <where >
      <foreach collection="example.oredCriteria" item="criteria" separator="or" >
        <if test="criteria.valid" >
          <trim prefix="(" suffix=")" prefixOverrides="and" >
            <foreach collection="criteria.criteria" item="criterion" >
              <choose >
                <when test="criterion.noValue" >
                  and ${criterion.condition}
                </when>
                <when test="criterion.singleValue" >
                  and ${criterion.condition} #{criterion.value}
                </when>
                <when test="criterion.betweenValue" >
                  and ${criterion.condition} #{criterion.value} and #{criterion.secondValue}
                </when>
                <when test="criterion.listValue" >
                  and ${criterion.condition}
                  <foreach collection="criterion.value" item="listItem" open="(" close=")" separator="," >
                    #{listItem}
                  </foreach>
                </when>
              </choose>
            </foreach>
          </trim>
        </if>
      </foreach>
    </where>
  </sql>
  <sql id="Base_Column_List" >
    id, data_id, file_id
  </sql>
  <select id="selectByExample" resultMap="BaseResultMap" parameterType="com.fc.test.model.auto.TsysFileDataExample" >
    select
    <if test="distinct" >
      distinct
    </if>
    <include refid="Base_Column_List" />
    from t_sys_file_data
    <if test="_parameter != null" >
      <include refid="Example_Where_Clause" />
    </if>
    <if test="orderByClause != null" >
      order by ${orderByClause}
    </if>
  </select>
  <select id="selectByPrimaryKey" resultMap="BaseResultMap" parameterType="java.lang.String" >
    select 
    <include refid="Base_Column_List" />
    from t_sys_file_data
    where id = #{id,jdbcType=VARCHAR}
  </select>
  <delete id="deleteByPrimaryKey" parameterType="java.lang.String" >
    delete from t_sys_file_data
    where id = #{id,jdbcType=VARCHAR}
  </delete>
  <delete id="deleteByExample" parameterType="com.fc.test.model.auto.TsysFileDataExample" >
    delete from t_sys_file_data
    <if test="_parameter != null" >
      <include refid="Example_Where_Clause" />
    </if>
  </delete>
  <insert id="insert" parameterType="com.fc.test.model.auto.TsysFileData" >
    insert into t_sys_file_data (id, data_id, file_id
      )
    values (#{id,jdbcType=VARCHAR}, #{dataId,jdbcType=VARCHAR}, #{fileId,jdbcType=VARCHAR}
      )
  </insert>
  <insert id="insertSelective" parameterType="com.fc.test.model.auto.TsysFileData" >
    insert into t_sys_file_data
    <trim prefix="(" suffix=")" suffixOverrides="," >
      <if test="id != null" >
        id,
      </if>
      <if test="dataId != null" >
        data_id,
      </if>
      <if test="fileId != null" >
        file_id,
      </if>
    </trim>
    <trim prefix="values (" suffix=")" suffixOverrides="," >
      <if test="id != null" >
        #{id,jdbcType=VARCHAR},
      </if>
      <if test="dataId != null" >
        #{dataId,jdbcType=VARCHAR},
      </if>
      <if test="fileId != null" >
        #{fileId,jdbcType=VARCHAR},
      </if>
    </trim>
  </insert>
  <select id="countByExample" parameterType="com.fc.test.model.auto.TsysFileDataExample" resultType="java.lang.Integer" >
    select count(*) from t_sys_file_data
    <if test="_parameter != null" >
      <include refid="Example_Where_Clause" />
    </if>
  </select>
  <update id="updateByExampleSelective" parameterType="map" >
    update t_sys_file_data
    <set >
      <if test="record.id != null" >
        id = #{record.id,jdbcType=VARCHAR},
      </if>
      <if test="record.dataId != null" >
        data_id = #{record.dataId,jdbcType=VARCHAR},
      </if>
      <if test="record.fileId != null" >
        file_id = #{record.fileId,jdbcType=VARCHAR},
      </if>
    </set>
    <if test="_parameter != null" >
      <include refid="Update_By_Example_Where_Clause" />
    </if>
  </update>
  <update id="updateByExample" parameterType="map" >
    update t_sys_file_data
    set id = #{record.id,jdbcType=VARCHAR},
      data_id = #{record.dataId,jdbcType=VARCHAR},
      file_id = #{record.fileId,jdbcType=VARCHAR}
    <if test="_parameter != null" >
      <include refid="Update_By_Example_Where_Clause" />
    </if>
  </update>
  <update id="updateByPrimaryKeySelective" parameterType="com.fc.test.model.auto.TsysFileData" >
    update t_sys_file_data
    <set >
      <if test="dataId != null" >
        data_id = #{dataId,jdbcType=VARCHAR},
      </if>
      <if test="fileId != null" >
        file_id = #{fileId,jdbcType=VARCHAR},
      </if>
    </set>
    where id = #{id,jdbcType=VARCHAR}
  </update>
  <update id="updateByPrimaryKey" parameterType="com.fc.test.model.auto.TsysFileData" >
    update t_sys_file_data
    set data_id = #{dataId,jdbcType=VARCHAR},
      file_id = #{fileId,jdbcType=VARCHAR}
    where id = #{id,jdbcType=VARCHAR}
  </update>
</mapper>