<?xml version="1.0" encoding="UTF-8" ?>
<!DOCTYPE mapper PUBLIC "-//mybatis.org//DTD Mapper 3.0//EN" "http://mybatis.org/dtd/mybatis-3-mapper.dtd" >
<mapper namespace="com.fc.test.mapper.auto.TsysPermissionRoleMapper" >
  <resultMap id="BaseResultMap" type="com.fc.test.model.auto.TsysPermissionRole" >
    <id column="id" property="id" jdbcType="VARCHAR" />
    <result column="role_id" property="roleId" jdbcType="VARCHAR" />
    <result column="permission_id" property="permissionId" jdbcType="VARCHAR" />
  </resultMap>
  <sql id="Example_Where_Clause" >
    <where >
      <foreach collection="oredCriteria" item="criteria" separator="or" >
        <if test="criteria.valid" >
          <trim prefix="(" suffix=")" prefixOverrides="and" >
            <foreach collection="criteria.criteria" item="criterion" >
              <choose >
                <when test="criterion.noValue" >
                  and ${criterion.condition}
                </when>
                <when test="criterion.singleValue" >
                  and ${criterion.condition} #{criterion.value}
                </when>
                <when test="criterion.betweenValue" >
                  and ${criterion.condition} #{criterion.value} and #{criterion.secondValue}
                </when>
                <when test="criterion.listValue" >
                  and ${criterion.condition}
                  <foreach collection="criterion.value" item="listItem" open="(" close=")" separator="," >
                    #{listItem}
                  </foreach>
                </when>
              </choose>
            </foreach>
          </trim>
        </if>
      </foreach>
    </where>
  </sql>
  <sql id="Update_By_Example_Where_Clause" >
    <where >
      <foreach collection="example.oredCriteria" item="criteria" separator="or" >
        <if test="criteria.valid" >
          <trim prefix="(" suffix=")" prefixOverrides="and" >
            <foreach collection="criteria.criteria" item="criterion" >
              <choose >
                <when test="criterion.noValue" >
                  and ${criterion.condition}
                </when>
                <when test="criterion.singleValue" >
                  and ${criterion.condition} #{criterion.value}
                </when>
                <when test="criterion.betweenValue" >
                  and ${criterion.condition} #{criterion.value} and #{criterion.secondValue}
                </when>
                <when test="criterion.listValue" >
                  and ${criterion.condition}
                  <foreach collection="criterion.value" item="listItem" open="(" close=")" separator="," >
                    #{listItem}
                  </foreach>
                </when>
              </choose>
            </foreach>
          </trim>
        </if>
      </foreach>
    </where>
  </sql>
  <sql id="Base_Column_List" >
    id, role_id, permission_id
  </sql>
  <select id="selectByExample" resultMap="BaseResultMap" parameterType="com.fc.test.model.auto.TsysPermissionRoleExample" >
    select
    <if test="distinct" >
      distinct
    </if>
    <include refid="Base_Column_List" />
    from t_sys_permission_role
    <if test="_parameter != null" >
      <include refid="Example_Where_Clause" />
    </if>
    <if test="orderByClause != null" >
      order by ${orderByClause}
    </if>
  </select>
  <select id="selectByPrimaryKey" resultMap="BaseResultMap" parameterType="java.lang.String" >
    select 
    <include refid="Base_Column_List" />
    from t_sys_permission_role
    where id = #{id,jdbcType=VARCHAR}
  </select>
  <delete id="deleteByPrimaryKey" parameterType="java.lang.String" >
    delete from t_sys_permission_role
    where id = #{id,jdbcType=VARCHAR}
  </delete>
  <delete id="deleteByExample" parameterType="com.fc.test.model.auto.TsysPermissionRoleExample" >
    delete from t_sys_permission_role
    <if test="_parameter != null" >
      <include refid="Example_Where_Clause" />
    </if>
  </delete>
  <insert id="insert" parameterType="com.fc.test.model.auto.TsysPermissionRole" >
    insert into t_sys_permission_role (id, role_id, permission_id
      )
    values (#{id,jdbcType=VARCHAR}, #{roleId,jdbcType=VARCHAR}, #{permissionId,jdbcType=VARCHAR}
      )
  </insert>
  <insert id="insertSelective" parameterType="com.fc.test.model.auto.TsysPermissionRole" >
    insert into t_sys_permission_role
    <trim prefix="(" suffix=")" suffixOverrides="," >
      <if test="id != null" >
        id,
      </if>
      <if test="roleId != null" >
        role_id,
      </if>
      <if test="permissionId != null" >
        permission_id,
      </if>
    </trim>
    <trim prefix="values (" suffix=")" suffixOverrides="," >
      <if test="id != null" >
        #{id,jdbcType=VARCHAR},
      </if>
      <if test="roleId != null" >
        #{roleId,jdbcType=VARCHAR},
      </if>
      <if test="permissionId != null" >
        #{permissionId,jdbcType=VARCHAR},
      </if>
    </trim>
  </insert>
  <select id="countByExample" parameterType="com.fc.test.model.auto.TsysPermissionRoleExample" resultType="java.lang.Integer" >
    select count(*) from t_sys_permission_role
    <if test="_parameter != null" >
      <include refid="Example_Where_Clause" />
    </if>
  </select>
  <update id="updateByExampleSelective" parameterType="map" >
    update t_sys_permission_role
    <set >
      <if test="record.id != null" >
        id = #{record.id,jdbcType=VARCHAR},
      </if>
      <if test="record.roleId != null" >
        role_id = #{record.roleId,jdbcType=VARCHAR},
      </if>
      <if test="record.permissionId != null" >
        permission_id = #{record.permissionId,jdbcType=VARCHAR},
      </if>
    </set>
    <if test="_parameter != null" >
      <include refid="Update_By_Example_Where_Clause" />
    </if>
  </update>
  <update id="updateByExample" parameterType="map" >
    update t_sys_permission_role
    set id = #{record.id,jdbcType=VARCHAR},
      role_id = #{record.roleId,jdbcType=VARCHAR},
      permission_id = #{record.permissionId,jdbcType=VARCHAR}
    <if test="_parameter != null" >
      <include refid="Update_By_Example_Where_Clause" />
    </if>
  </update>
  <update id="updateByPrimaryKeySelective" parameterType="com.fc.test.model.auto.TsysPermissionRole" >
    update t_sys_permission_role
    <set >
      <if test="roleId != null" >
        role_id = #{roleId,jdbcType=VARCHAR},
      </if>
      <if test="permissionId != null" >
        permission_id = #{permissionId,jdbcType=VARCHAR},
      </if>
    </set>
    where id = #{id,jdbcType=VARCHAR}
  </update>
  <update id="updateByPrimaryKey" parameterType="com.fc.test.model.auto.TsysPermissionRole" >
    update t_sys_permission_role
    set role_id = #{roleId,jdbcType=VARCHAR},
      permission_id = #{permissionId,jdbcType=VARCHAR}
    where id = #{id,jdbcType=VARCHAR}
  </update>
</mapper>