<?xml version="1.0" encoding="UTF-8" ?>
<!DOCTYPE mapper PUBLIC "-//mybatis.org//DTD Mapper 3.0//EN" "http://mybatis.org/dtd/mybatis-3-mapper.dtd" >
<mapper namespace="com.fc.test.mapper.auto.TsysDatasMapper" >
  <resultMap id="BaseResultMap" type="com.fc.test.model.auto.TsysDatas" >
    <id column="id" property="id" jdbcType="VARCHAR" />
    <result column="file_path" property="filePath" jdbcType="VARCHAR" />
    <result column="file_suffix" property="fileSuffix" jdbcType="VARCHAR" />
  </resultMap>
  <sql id="Example_Where_Clause" >
    <where >
      <foreach collection="oredCriteria" item="criteria" separator="or" >
        <if test="criteria.valid" >
          <trim prefix="(" suffix=")" prefixOverrides="and" >
            <foreach collection="criteria.criteria" item="criterion" >
              <choose >
                <when test="criterion.noValue" >
                  and ${criterion.condition}
                </when>
                <when test="criterion.singleValue" >
                  and ${criterion.condition} #{criterion.value}
                </when>
                <when test="criterion.betweenValue" >
                  and ${criterion.condition} #{criterion.value} and #{criterion.secondValue}
                </when>
                <when test="criterion.listValue" >
                  and ${criterion.condition}
                  <foreach collection="criterion.value" item="listItem" open="(" close=")" separator="," >
                    #{listItem}
                  </foreach>
                </when>
              </choose>
            </foreach>
          </trim>
        </if>
      </foreach>
    </where>
  </sql>
  <sql id="Update_By_Example_Where_Clause" >
    <where >
      <foreach collection="example.oredCriteria" item="criteria" separator="or" >
        <if test="criteria.valid" >
          <trim prefix="(" suffix=")" prefixOverrides="and" >
            <foreach collection="criteria.criteria" item="criterion" >
              <choose >
                <when test="criterion.noValue" >
                  and ${criterion.condition}
                </when>
                <when test="criterion.singleValue" >
                  and ${criterion.condition} #{criterion.value}
                </when>
                <when test="criterion.betweenValue" >
                  and ${criterion.condition} #{criterion.value} and #{criterion.secondValue}
                </when>
                <when test="criterion.listValue" >
                  and ${criterion.condition}
                  <foreach collection="criterion.value" item="listItem" open="(" close=")" separator="," >
                    #{listItem}
                  </foreach>
                </when>
              </choose>
            </foreach>
          </trim>
        </if>
      </foreach>
    </where>
  </sql>
  <sql id="Base_Column_List" >
    id, file_path, file_suffix
  </sql>
  <select id="selectByExample" resultMap="BaseResultMap" parameterType="com.fc.test.model.auto.TsysDatasExample" >
    select
    <if test="distinct" >
      distinct
    </if>
    <include refid="Base_Column_List" />
    from t_sys_datas
    <if test="_parameter != null" >
      <include refid="Example_Where_Clause" />
    </if>
    <if test="orderByClause != null" >
      order by ${orderByClause}
    </if>
  </select>
  <select id="selectByPrimaryKey" resultMap="BaseResultMap" parameterType="java.lang.String" >
    select 
    <include refid="Base_Column_List" />
    from t_sys_datas
    where id = #{id,jdbcType=VARCHAR}
  </select>
  <delete id="deleteByPrimaryKey" parameterType="java.lang.String" >
    delete from t_sys_datas
    where id = #{id,jdbcType=VARCHAR}
  </delete>
  <delete id="deleteByExample" parameterType="com.fc.test.model.auto.TsysDatasExample" >
    delete from t_sys_datas
    <if test="_parameter != null" >
      <include refid="Example_Where_Clause" />
    </if>
  </delete>
  <insert id="insert" parameterType="com.fc.test.model.auto.TsysDatas" >
    insert into t_sys_datas (id, file_path, file_suffix)
    values (#{id,jdbcType=VARCHAR}, #{filePath,jdbcType=VARCHAR}, #{fileSuffix,jdbcType=VARCHAR})
  </insert>
  <insert id="insertSelective" parameterType="com.fc.test.model.auto.TsysDatas" >
    insert into t_sys_datas
    <trim prefix="(" suffix=")" suffixOverrides="," >
      <if test="id != null" >
        id,
      </if>
      <if test="filePath != null" >
        file_path,
      </if>
      <if test="fileSuffix != null" >
        file_suffix,
      </if>
    </trim>
    <trim prefix="values (" suffix=")" suffixOverrides="," >
      <if test="id != null" >
        #{id,jdbcType=VARCHAR},
      </if>
      <if test="filePath != null" >
        #{filePath,jdbcType=VARCHAR},
      </if>
      <if test="fileSuffix != null" >
        #{fileSuffix,jdbcType=VARCHAR},
      </if>
    </trim>
  </insert>
  <select id="countByExample" parameterType="com.fc.test.model.auto.TsysDatasExample" resultType="java.lang.Integer" >
    select count(*) from t_sys_datas
    <if test="_parameter != null" >
      <include refid="Example_Where_Clause" />
    </if>
  </select>
  <update id="updateByExampleSelective" parameterType="map" >
    update t_sys_datas
    <set >
      <if test="record.id != null" >
        id = #{record.id,jdbcType=VARCHAR},
      </if>
      <if test="record.filePath != null" >
        file_path = #{record.filePath,jdbcType=VARCHAR},
      </if>
      <if test="record.fileSuffix != null" >
        file_suffix = #{record.fileSuffix,jdbcType=VARCHAR},
      </if>
    </set>
    <if test="_parameter != null" >
      <include refid="Update_By_Example_Where_Clause" />
    </if>
  </update>
  <update id="updateByExample" parameterType="map" >
    update t_sys_datas
    set id = #{record.id,jdbcType=VARCHAR},
      file_path = #{record.filePath,jdbcType=VARCHAR},
      file_suffix = #{record.fileSuffix,jdbcType=VARCHAR}
    <if test="_parameter != null" >
      <include refid="Update_By_Example_Where_Clause" />
    </if>
  </update>
  <update id="updateByPrimaryKeySelective" parameterType="com.fc.test.model.auto.TsysDatas" >
    update t_sys_datas
    <set >
      <if test="filePath != null" >
        file_path = #{filePath,jdbcType=VARCHAR},
      </if>
      <if test="fileSuffix != null" >
        file_suffix = #{fileSuffix,jdbcType=VARCHAR},
      </if>
    </set>
    where id = #{id,jdbcType=VARCHAR}
  </update>
  <update id="updateByPrimaryKey" parameterType="com.fc.test.model.auto.TsysDatas" >
    update t_sys_datas
    set file_path = #{filePath,jdbcType=VARCHAR},
    file_suffix = #{fileSuffix,jdbcType=VARCHAR}
    where id = #{id,jdbcType=VARCHAR}
  </update>
</mapper>