<?xml version="1.0" encoding="UTF-8" ?>
<!DOCTYPE mapper PUBLIC "-//mybatis.org//DTD Mapper 3.0//EN" "http://mybatis.org/dtd/mybatis-3-mapper.dtd" >
<mapper namespace="com.fc.test.mapper.custom.TsysDatasDao" >
  <resultMap id="BaseResultMap" type="com.fc.test.model.auto.TsysDatas" >
    <id column="id" property="id" jdbcType="VARCHAR" />
    <result column="file_path" property="filePath" jdbcType="VARCHAR" />
  </resultMap>

  <sql id="Base_Column_List" >
    id, file_path
  </sql>

  <select id="selectByPrimaryKeys" resultMap="BaseResultMap" parameterType="java.util.List" >
    SELECT s.* from t_sys_file f
	LEFT JOIN t_sys_file_data d on f.id=d.file_id
	LEFT JOIN t_sys_datas s on s.id=d.data_id
	where f.id in
	<foreach item="item" collection="ids" open="(" separator="," close=")">
         #{item,jdbcType=VARCHAR}
    </foreach>
  </select>
 
</mapper>